driverId,name,ssn,location,certified,wage-plan
10,Melissa Moreno,841-99-4111,"312 Riley Manors
Amandafurt, VI 57469",N,hours
11,Jeffrey Dorsey,391-47-4801,"43822 Andrea Tunnel Suite 244
New Sara, NM 36623",Y,hours
12,Brittany Rosales,507-87-8383,"9217 Sarah Trail
West Robertland, AS 64815",N,miles
13,Julia Lopez,447-70-1365,"269 Cross Coves Suite 107
Mercadohaven, IN 35705",Y,hours
14,Jillian Johnson,261-56-9837,"51076 Kimberly Gardens
Garnerport, NM 80916",Y,hours
15,Grant Blackwell,089-91-0757,"34966 Teresa Course
Lake Megan, OH 64536",N,miles
16,Dawn Lewis,315-18-4142,"37954 Laura Inlet
Lake Stacy, NH 74116",N,miles
17,James Bright,285-42-4987,"255 Megan Place Apt. 794
East Dana, NC 60607",N,miles
18,Marcus Moss,049-36-1357,"130 Coleman Throughway Suite 475
North Carl, RI 07984",Y,miles
19,Robin Brown,290-71-1596,"614 Cynthia Manor Suite 735
Cochranview, RI 77954",N,miles
20,Jay Green,815-75-4871,"91816 Chambers Fall
Romanport, ID 12923",N,miles
21,Joshua Robinson,383-90-9003,"9626 Harold Lake Suite 717
Toddborough, MA 56334",Y,miles
22,Peter Stephens,040-23-4353,"09754 Richardson Keys Apt. 245
Vazquezland, PW 56286",Y,miles
23,Patricia Humphrey,246-08-9722,"9769 Jeffery Curve
Port Kelseyhaven, AK 52759",Y,miles
24,Timothy Carter,563-59-3254,"83880 Melissa Walk
Yatesbury, OR 90875",N,miles
25,Jeremy Herrera,625-63-5006,"395 Ariel Crossroad
Smithmouth, RI 22520",Y,miles
26,Danielle Stanley,609-58-0849,"44312 Ronald Landing Suite 986
West Tom, DE 44031",N,hours
27,Shelly Reynolds,741-16-7887,"46700 Martin Point
Lake Connieshire, AZ 43860",N,hours
28,Cheryl Alvarez,606-93-8690,"30719 Clayton Mill Apt. 710
Blackburnchester, MH 62906",N,hours
29,Nicole Robertson,028-47-4932,"USNV Davis
FPO AA 10759",N,hours
30,Meghan Perkins,719-65-5401,"694 Charles Knolls Suite 786
New Mariatown, SC 85694",N,miles
31,Victoria Wilson,319-62-8643,"1046 Woodard Bypass
East Raymond, WA 06116",Y,hours
32,Tamara Roberts,330-44-0333,"1079 David Flats Suite 090
North John, SC 74438",N,hours
33,Brad Bell,071-57-5426,"0484 John Mountain Apt. 943
North Dennis, ID 69401",N,hours
34,Jacob Taylor,026-23-4327,"788 Anthony Circles
Justinstad, MN 88646",N,hours
35,Robert Peterson,830-24-9211,"1409 Gibson Wall
East Emma, WY 30968",N,miles
36,Erika Maxwell,185-94-8770,"2408 Davis Point
Lake Brianna, WA 11163",Y,hours
37,Gregory Smith,388-78-4891,"49833 Thompson Locks
Petershaven, MA 51622",Y,hours
38,Megan Martinez,496-61-0934,"068 Tammy Motorway
North Matthew, MT 41506",Y,hours
39,Linda Ferrell,099-31-0860,"5531 Stephanie Spurs
New Derek, MH 43987",Y,miles
40,Lorraine Bailey,153-75-7380,"55215 Jensen Rapids
Meadowston, AS 69245",N,miles
41,Charles Oneill,890-16-1109,"8410 Jones Gardens
Burtonchester, OR 62690",Y,miles
42,Michael Strong,351-41-7867,"767 Anthony Forks Suite 850
Riveraland, LA 35982",Y,miles
43,Shannon Fisher,081-24-1071,"155 Stone Corner Apt. 089
North Daisyberg, DE 85890",N,miles
44,Alexander Stevens DDS,428-20-3065,"3245 William Brook Apt. 648
North Colleenville, SD 08900",Y,hours
45,Bradley Fuller,870-39-5178,"0151 Branch Courts
Katieborough, ID 89912",N,miles
46,Crystal Jefferson,840-41-3334,"06221 Cole Port
North Michael, SC 38605",N,miles
47,Marie Vance,064-52-1685,"0305 Cody Ports
Frankport, GU 15885",N,miles
48,Jessica Lee,584-03-5802,"51353 Watkins Extensions
West Gerald, SC 53998",N,miles
49,Brandon Carrillo,410-33-5043,"578 Makayla Drive Apt. 172
South Joseph, MO 30550",Y,hours
50,Ronald Willis,802-44-5381,"USNV Williams
FPO AA 22115",N,hours
51,Mark Adams,124-73-8123,"005 Jennifer Parks Apt. 203
Port Lauraton, VA 16937",Y,hours
52,Margaret Herrera,064-73-0758,"843 Robles River Apt. 898
Robinsonhaven, KY 63496",N,hours
53,Renee Roberts,319-44-1524,"591 Marsh Islands
Matthewstad, NV 83975",Y,hours
54,Marco Mcbride,279-27-0141,"7768 Heather Mission Apt. 767
New Darius, ID 51740",Y,hours
55,Theresa Mathews,704-03-2401,"84102 Gonzalez Landing Suite 324
North Daniel, NM 40773",Y,hours
56,Joshua Ward,453-19-0944,"41333 Chad Fork Apt. 561
Thomasport, GU 33460",Y,miles
57,Brenda Chambers,209-43-4209,"549 Collier Street
North Ryanstad, AR 88508",N,hours
58,John Perez,079-87-0173,"408 Franco Trafficway Apt. 555
East Norman, OK 03976",Y,hours
59,Taylor Wade,498-53-0976,"01992 Suzanne Corners Apt. 028
North Kenneth, WA 65154",Y,hours
60,Lydia Cox,598-49-6210,"4248 Donna Course
North Tiffany, HI 01681",Y,hours
61,Steven Torres,184-63-9460,"6400 Miller Street
West Richardstad, IA 12501",N,miles
62,Jose Rios,199-83-7511,"85710 Jonathan Fall
Wattsstad, OH 82220",N,miles
63,Connor Wall,850-91-5700,"USCGC Taylor
FPO AE 36752",N,miles
64,Alice Jackson,068-62-1030,"4570 Hess Drives
Melissaside, NM 98567",N,miles
65,David Perez,367-22-3665,"Unit 5293 Box 2078
DPO AP 53726",Y,miles
66,Brooke Lane,772-61-6442,"29503 Stevens Common Suite 655
Kristyfort, ND 66294",N,miles
67,Tanya Flores,541-68-8726,"54527 Reed Bypass Apt. 144
Brittanyfort, AR 32824",Y,hours
68,Sharon Miller,400-93-9032,"957 Mitchell Wall Suite 429
West Gregorymouth, HI 95859",Y,hours
69,Meghan Taylor,560-51-4434,"8771 Tina Fork
West Dustin, AS 70773",Y,hours
70,Wendy Sanders,301-42-8311,"82974 Robert Forge
Christineview, AK 04408",Y,miles
71,Karen Miller,404-87-7259,"118 Kathleen Springs Apt. 380
Lake Donnabury, IN 79733",N,hours
72,Courtney Jacobson,748-54-3372,"62936 Christina Villages
Lake Shawnaview, FM 75902",N,miles
73,Kevin Mccoy,083-44-2998,"8982 Crawford Underpass Apt. 107
New Brian, FL 13135",Y,miles
74,Paul May MD,092-33-4124,"379 Dawn Groves Suite 734
Kenthaven, IL 12973",N,miles
75,Jerry Franco,142-33-3899,"05020 Hernandez Lodge
Tiffanyview, AK 52734",N,hours
76,Rita Blair,389-23-2097,"9180 Hernandez Island
North Sydney, KS 43053",N,hours
77,Amber Sanders,711-28-1692,"1184 Amy Spurs Apt. 106
Robertview, DC 67922",N,miles
78,Connor Jones,364-90-3272,"Unit 9683 Box 9321
DPO AE 04908",Y,miles
79,Miss Sarah Williamson,262-12-5021,"074 Velazquez Vista Suite 988
Lake Lauramouth, WA 21139",Y,hours
80,Jennifer Robinson,192-22-3607,"927 Beck Island Suite 675
Jefferytown, VA 65795",Y,hours
81,Angela Ramirez,735-60-3932,"021 Christina Burg
Diazport, CA 39658",Y,miles
82,Laura Turner,601-41-8804,"USCGC Morgan
FPO AA 05320",Y,miles
83,Tim Horton,503-99-6927,"4378 Sandoval Unions Suite 956
Arnoldborough, WI 69178",Y,miles
84,Gregory Abbott,575-05-1053,"636 Williams Well
West Dianahaven, AL 72945",Y,hours
85,Ann Guerrero,643-39-3691,"25898 Silva Dam Apt. 850
Elizabethfort, VA 98919",Y,hours
86,Stephanie Weaver,280-35-8458,"38843 Kyle Course Apt. 154
Rachelmouth, MN 16318",N,miles
87,Kylie Tyler,359-02-1403,"452 Salas Drives
Lake Emilyburgh, NH 12146",N,hours
88,Mr. Timothy West,800-52-5157,"038 Wyatt Drive Apt. 201
Bryanborough, IA 10082",Y,hours
89,Megan Martinez MD,519-61-5132,"22225 Susan Turnpike
Smithshire, TX 45213",Y,hours
90,Brian Russell,872-37-3874,"0852 Cardenas Points
Michaelburgh, VT 14818",Y,miles
91,Charles Knox,589-06-9249,"012 Castillo Alley Suite 492
Solisberg, LA 45130",N,miles
92,Kimberly Silva,138-45-8635,"64229 Bradley Valleys Apt. 037
Matthewshire, IA 39084",Y,miles
93,Vincent Allen,127-85-8549,"42277 Eric Harbor Suite 370
North Mariahtown, IA 55466",N,hours
94,Chad Elliott,810-65-5483,"4090 Katelyn Bridge
Mendozaville, HI 36080",N,miles
95,Anne Banks,644-60-7878,"747 Tanner Fort
South Jillianhaven, AR 17067",Y,hours
96,Jason Jefferson,507-49-8825,"84170 Hardin Cliff Suite 635
South Robin, AZ 52929",N,hours
97,Joyce Harris,399-94-5368,"2225 Collins Islands
East Colin, KY 06280",N,miles
98,Edward Wolfe,002-02-5390,"7362 Andrew Pass
New Julia, NY 21860",N,hours
99,Pamela Hall,890-02-0279,"5334 Yates Ramp
Robertburgh, NJ 25587",N,hours
100,Natasha Johnson,020-49-4352,"2139 Holt Knoll
North Tiffanyland, TN 30287",Y,hours
101,Caitlin Torres,862-59-0593,"1003 Chelsea Springs Suite 218
South Angelabury, GU 83900",N,hours
102,Kevin Wong,467-59-5336,"485 Angela Gateway Suite 188
Ronaldmouth, SC 71316",N,miles
103,Adam Soto,442-28-5297,"691 Kelly Inlet
Karlaside, ND 48442",Y,hours
104,Joshua Quinn,649-49-9736,"798 Berry Ford
Kleinburgh, MS 89433",Y,miles
105,Ashley Smith,104-62-0335,"8864 Jennifer Ways
East Jamesfort, WI 21390",Y,miles
106,Jason Santos,079-79-1845,"PSC 6733, Box 5771
APO AA 14838",Y,hours
107,Dawn Johnson,526-55-2570,"772 Davis Flat Suite 826
Robinchester, CA 82039",N,miles
108,Joanne Donaldson,667-51-8192,"PSC 8587, Box 2671
APO AP 95997",Y,miles
109,Kevin Velez,471-03-5692,"63322 Theodore Ramp Suite 525
Port Kaitlynport, TN 42004",Y,miles
